Tree,Goddess
140.59118280170986
141.8752841476841
143.88247467736159
141.93916065113137
171.43522473411159
135.6232532033593
161.2083554046967
66.36313422944805
