Butterfly,Goddess,Tree,Warrior
164.8243399,100.3652033,143.0022288,173.818
164.5071655,93.00263855,143.1602348,170.339
8.476927775,85.5473246,141.5704229,94.95233
7.779747844,86.14771182,138.9226958,100.7774
75.91426772,112.735174,171.4379192,127.8061
76.85890552,114.1129961,137.5330723,100.7495
16.55305354,116.6434994,160.584163,173.9021
16.9699062,116.9913551,73.10247694,105.5676
